company_id,metric_type,period_years,parsed_pct,computed_pct,diff_points,flag
HDFCBANK,compounded_sales_growth,10,21.0,20.89,0.11,ok
HDFCBANK,compounded_profit_growth,10,22.0,22.26,-0.26,ok
SBILIFE,compounded_sales_growth,5,24.0,24.23,-0.23,ok
SBILIFE,compounded_profit_growth,5,6.0,7.37,-1.37,ok
SBILIFE,compounded_sales_growth,3,17.0,17.24,-0.24,ok
SBILIFE,compounded_profit_growth,3,9.0,9.16,-0.16,ok
TCS,compounded_sales_growth,10,11.0,11.4,-0.4,ok
TCS,compounded_profit_growth,10,9.0,9.08,-0.08,ok
TCS,compounded_sales_growth,5,10.0,10.46,-0.46,ok
TCS,compounded_profit_growth,5,8.0,7.87,0.13,ok
TCS,compounded_sales_growth,3,14.0,13.63,0.37,ok
TCS,compounded_profit_growth,3,12.0,12.29,-0.29,ok
HDFCBANK,compounded_sales_growth,5,22.0,21.95,0.05,ok
HDFCBANK,compounded_profit_growth,5,23.0,23.87,-0.87,ok
HDFCBANK,compounded_sales_growth,3,30.0,30.19,-0.19,ok
HDFCBANK,compounded_profit_growth,3,26.0,27.12,-1.12,ok
INFY,compounded_sales_growth,10,12.0,11.85,0.15,ok
INFY,compounded_profit_growth,10,9.0,9.43,-0.43,ok
INFY,compounded_sales_growth,5,13.0,13.2,-0.2,ok
INFY,compounded_profit_growth,5,11.0,11.24,-0.24,ok
INFY,compounded_sales_growth,3,5.0,15.22,-10.22,REVIEW
INFY,compounded_profit_growth,3,10.0,10.56,-0.56,ok
SBILIFE,compounded_sales_growth,10,23.0,22.56,0.44,ok
SBILIFE,compounded_profit_growth,10,9.0,10.03,-1.03,ok
