table_name,records_processed,status
schema_init,0,SUCCESS
schema_init,0,SUCCESS
schema_init,0,SUCCESS
companies,3,SUCCESS
schema_init,0,SUCCESS
companies,3,SUCCESS
companies,0,SUCCESS
schema_init,0,SUCCESS
companies,0,SUCCESS
companies,3,SUCCESS
companies,0,SUCCESS
schema_init,0,SUCCESS
companies,0,SUCCESS
companies,3,SUCCESS
companies,0,SUCCESS
schema_init,0,SUCCESS
companies,0,SUCCESS
companies,3,SUCCESS
companies,0,SUCCESS
schema_init,0,SUCCESS
companies,0,SUCCESS
companies,3,SUCCESS
companies,0,SUCCESS
schema_init,0,SUCCESS
companies,0,SUCCESS
