company_id,broad_sector,metric,value,z_score
INDIGO,Consumer Discretionary,return_on_equity_pct,892.57,3.47
PNB,Financials,return_on_equity_pct,61.32,3.33
INDIGO,Consumer Discretionary,return_on_capital_employed_pct,1112.55,3.47
PNB,Financials,return_on_capital_employed_pct,118.22,3.94
BAJAJHLDNG,Financials,net_profit_margin_pct,432.73,4.5
ADANIGREEN,Energy,debt_to_equity,6.6,3.14
BAJAJHLDNG,Financials,interest_coverage,3764.5,3.68
INDIGO,Consumer Discretionary,asset_turnover,56.39,3.47
PNB,Financials,asset_turnover,1.51,4.23
TATAMOTORS,Consumer Discretionary,free_cash_flow_cr,45133.0,3.23
