company_id,metric_type,raw_text,reason
SBILIFE,compounded_sales_growth,TTM:            43%,text does not match 'N Years: X%'
SBILIFE,compounded_profit_growth,TTM:                 18%,text does not match 'N Years: X%'
SBILIFE,roe,Last Year:      12%,text does not match 'N Years: X%'
TCS,compounded_sales_growth,TTM:            5%             ,text does not match 'N Years: X%'
TCS,compounded_profit_growth,TTM:                 8%,text does not match 'N Years: X%'
TCS,roe,Last Year:       52%,text does not match 'N Years: X%'
WIPRO,compounded_sales_growth,10 Years:     8%,company not in companies table
WIPRO,compounded_profit_growth,10 Years:          3%,company not in companies table
WIPRO,stock_price_cagr,    10 Years:     12%,company not in companies table
WIPRO,roe,10 Years:        18%,company not in companies table
WIPRO,compounded_sales_growth,5 Years:       9%,company not in companies table
WIPRO,compounded_profit_growth,5 Years:            4%,company not in companies table
WIPRO,stock_price_cagr,      5 Years:     20%,company not in companies table
WIPRO,roe,5 Years:          17%,company not in companies table
WIPRO,compounded_sales_growth,3 Years:      13%,company not in companies table
WIPRO,compounded_profit_growth,3 Years:            0%,company not in companies table
WIPRO,stock_price_cagr,      3 Years:      -1%,company not in companies table
WIPRO,roe,3 Years:          17%,company not in companies table
WIPRO,compounded_sales_growth,TTM:           -3%,company not in companies table
WIPRO,compounded_profit_growth,TTM:                 1%,company not in companies table
WIPRO,stock_price_cagr,      1 Year:       39%,company not in companies table
WIPRO,roe,Last Year:       14%,company not in companies table
HDFCBANK,compounded_sales_growth,TTM:            47%,text does not match 'N Years: X%'
HDFCBANK,compounded_profit_growth,TTM:                27%,text does not match 'N Years: X%'
HDFCBANK,roe,Last Year:    17%,text does not match 'N Years: X%'
INFY,compounded_sales_growth,TTM:            3%,text does not match 'N Years: X%'
INFY,compounded_profit_growth,TTM:                 8%,text does not match 'N Years: X%'
INFY,roe,Last Year:     32%,text does not match 'N Years: X%'
