metric,count,p10,p25,p50,p75,p90,mean,std
return_on_equity_pct,92,8.39,11.73,16.27,25.93,47.97,122.72,633.73
return_on_capital_employed_pct,91,4.31,9.51,14.39,28.42,51.23,114.52,553.1
net_profit_margin_pct,92,4.62,7.25,14.21,20.35,29.25,20.02,45.18
operating_profit_margin_pct,92,9.87,16.05,26.01,40.55,84.01,34.73,27.37
debt_to_equity,92,0.01,0.06,0.44,1.64,6.44,1.7,2.86
interest_coverage,92,1.6,3.04,11.3,57.97,190.5,124.76,483.44
asset_turnover,91,0.07,0.21,0.68,1.13,1.66,3.5,15.85
revenue_cagr_5yr,92,5.9,8.46,12.03,17.28,21.08,13.0,7.36
pat_cagr_5yr,84,4.36,9.86,16.28,23.78,39.28,21.11,21.55
free_cash_flow_cr,91,-14556.0,-1315.0,1095.0,8447.0,20445.0,901.2,23254.52
